{
    "metadata":{
        "version":3,
        "type":"Geometry",
        "faces":33,
        "vertices":68,
        "normals":34,
        "uvs":1,
        "generator":"io_three"
    },
    "vertices":[0.0449186,-0.0109007,0.0127695,0.0449186,-0.0809007,0.0127694,-0.0404434,-0.0809007,0.02335,-0.0404434,-0.0109007,0.02335,0.0412139,-0.0809007,0.0219691,0.0356216,-0.0809007,0.0301582,0.0284376,-0.0809007,0.0369907,0.0199842,-0.0809007,0.0421758,0.0106253,-0.0809007,0.0454468,0.00078701,-0.0809007,0.0466752,-0.00909452,-0.0809007,0.0458232,-0.0185546,-0.0809007,0.0428433,-0.0271776,-0.0809007,0.0379485,-0.0345844,-0.0809007,0.031356,0.0412139,-0.0109007,0.0219692,0.0356216,-0.0109007,0.0301582,0.0284376,-0.0109007,0.0369907,0.0199842,-0.0109007,0.0421758,0.0106253,-0.0109007,0.0454468,0.000787,-0.0109007,0.0466752,-0.00909452,-0.0109007,0.0458232,-0.0185546,-0.0109007,0.0428433,-0.0271776,-0.0109007,0.0379485,-0.0345844,-0.0109007,0.031356,0.0438825,-0.0809007,0.0159139,0.0426462,-0.0809007,0.0189839,0.0438825,-0.0109007,0.0159139,0.0426462,-0.0109007,0.0189839,-0.0298002,-0.0809007,0.0359298,-0.0322908,-0.0809007,0.0337468,-0.0298002,-0.0109007,0.0359298,-0.0322908,-0.0109007,0.0337468,-0.0366979,-0.0809007,0.0288082,-0.0386503,-0.0809007,0.0261361,-0.0366979,-0.0109007,0.0288082,-0.0386503,-0.0109007,0.0261361,0.0395588,-0.0809007,0.0248392,0.0376754,-0.0809007,0.0275631,0.0395588,-0.0109007,0.0248392,0.0376754,-0.0109007,0.0275631,0.033406,-0.0809007,0.0326178,0.0310151,-0.0809007,0.0349114,0.033406,-0.0109007,0.0326179,0.0310151,-0.0109007,0.0349115,0.0257389,-0.0809007,0.038906,0.0229301,-0.0809007,0.0406596,0.0257389,-0.0109007,0.038906,0.0229301,-0.0109007,0.0406596,0.0169535,-0.0809007,0.0435092,0.0138173,-0.0809007,0.0445731,0.0169535,-0.0109007,0.0435092,0.0138173,-0.0109007,0.0445731,0.00738248,-0.0809007,0.0461156,0.0040949,-0.0809007,0.0465263,0.00738247,-0.0109007,0.0461156,0.0040949,-0.0109007,0.0465263,-0.00252195,-0.0809007,0.0466111,-0.00582088,-0.0809007,0.0463334,-0.00252196,-0.0109007,0.0466111,-0.00582088,-0.0109007,0.0463334,-0.0123113,-0.0809007,0.0450338,-0.0154683,-0.0809007,0.0440393,-0.0123113,-0.0109007,0.0450338,-0.0154683,-0.0109007,0.0440393,-0.0215599,-0.0809007,0.0414499,-0.02443,-0.0809007,0.0397947,-0.0215599,-0.0109007,0.0414499,-0.02443,-0.0109007,0.0397947],
    "normals":[0.949767,0,0.312937,0.939177,0,0.343425,-0.584124,0,0.81164,-0.634846,0,0.772607,-0.746117,0,0.665792,-0.788903,0,0.61449,0.884548,0,0.466384,0.845088,0,0.534593,0.763939,0,0.645253,0.718101,0,0.695914,0.603595,0,0.797266,0.554399,0,0.83224,0.430342,0,0.902646,0.362316,0,0.932035,0.2331,0,0.972442,0.163091,0,0.986602,0.0127873,0,0.999908,-0.0516373,0,0.998657,-0.196326,0,0.980529,-0.269509,0,0.962981,-0.391186,0,0.920286,-0.460555,0,0.8876,0.915067,0,0.403272,-0.691,0,0.7228,-0.824519,0,0.565813,-0.840877,0,0.541185,0.803735,0,0.594958,0.660665,0,0.750664,0.494003,0,0.869442,0.292734,0,0.956175,0.0845058,0,0.996399,-0.118992,0,0.992889,-0.331065,0,0.943602,-0.528947,0,0.848628],
    "uvs":[[1.00316,0.997582,0.972859,0.997582,0.972859,-0.00241757,1.00316,-0.00241757,0.18498,0.997582,0.154677,0.997582,0.154677,-0.00241757,0.18498,-0.00241757,0.0940709,0.997582,0.0637679,0.997582,0.0637679,-0.00241757,0.0940709,-0.00241757,0.912253,0.997582,0.88195,0.997582,0.88195,-0.00241757,0.912253,-0.00241757,0.821344,0.997582,0.791041,0.997582,0.791041,-0.00241757,0.821344,-0.00241757,0.730435,0.997582,0.700132,0.997582,0.700132,-0.00241757,0.730435,-0.00241757,0.639526,0.997582,0.609223,0.997582,0.609223,-0.00241757,0.639526,-0.00241757,0.548617,0.997582,0.518314,0.997582,0.518314,-0.00241757,0.548617,-0.00241757,0.457707,0.997582,0.427404,0.997582,0.427404,-0.00241757,0.457707,-0.00241757,0.366798,0.997582,0.336495,0.997582,0.336495,-0.00241757,0.366798,-0.00241757,0.275889,0.997582,0.245586,0.997582,0.245586,-0.00241757,0.275889,-0.00241757,0.942556,0.997582,0.942556,-0.00241757,0.124374,0.997582,0.124374,-0.00241757,0.0334649,0.997582,0.0334649,-0.00241757,0.00316191,0.997582,0.00316191,-0.00241757,0.851647,0.997582,0.851647,-0.00241757,0.760738,0.997582,0.760738,-0.00241757,0.669829,0.997582,0.669829,-0.00241757,0.57892,0.997582,0.57892,-0.00241757,0.48801,0.997582,0.48801,-0.00241757,0.397101,0.997582,0.397101,-0.00241757,0.306192,0.997582,0.306192,-0.00241757,0.215283,0.997582,0.215283,-0.00241757]],
    "faces":[41,0,26,24,1,0,1,2,3,0,1,1,0,41,22,30,28,12,4,5,6,7,2,3,3,2,41,23,34,32,13,8,9,10,11,4,5,5,4,41,14,38,36,4,12,13,14,15,6,7,7,6,41,15,42,40,5,16,17,18,19,8,9,9,8,41,16,46,44,6,20,21,22,23,10,11,11,10,41,17,50,48,7,24,25,26,27,12,13,13,12,41,18,54,52,8,28,29,30,31,14,15,15,14,41,19,58,56,9,32,33,34,35,16,17,17,16,41,20,62,60,10,36,37,38,39,18,19,19,18,41,21,66,64,11,40,41,42,43,20,21,21,20,41,26,27,25,24,1,44,45,2,1,22,22,1,41,27,14,4,25,44,12,15,45,22,6,6,22,41,30,31,29,28,5,46,47,6,3,23,23,3,41,31,23,13,29,46,8,11,47,23,4,4,23,41,34,35,33,32,9,48,49,10,5,24,24,5,41,35,3,2,33,48,50,51,49,24,25,25,24,41,38,39,37,36,13,52,53,14,7,26,26,7,41,39,15,5,37,52,16,19,53,26,8,8,26,41,42,43,41,40,17,54,55,18,9,27,27,9,41,43,16,6,41,54,20,23,55,27,10,10,27,41,46,47,45,44,21,56,57,22,11,28,28,11,41,47,17,7,45,56,24,27,57,28,12,12,28,41,50,51,49,48,25,58,59,26,13,29,29,13,41,51,18,8,49,58,28,31,59,29,14,14,29,41,54,55,53,52,29,60,61,30,15,30,30,15,41,55,19,9,53,60,32,35,61,30,16,16,30,41,58,59,57,56,33,62,63,34,17,31,31,17,41,59,20,10,57,62,36,39,63,31,18,18,31,41,62,63,61,60,37,64,65,38,19,32,32,19,41,63,21,11,61,64,40,43,65,32,20,20,32,41,66,67,65,64,41,66,67,42,21,33,33,21,41,67,22,12,65,66,4,7,67,33,2,2,33]
}